{"cameraMode":{"drawMode":0,"name":"Shaded","section":"Shading Mode"},"sceneLighting":true,"audioPlay":false,"sceneViewState":{"showFog":true,"showMaterialUpdate":true,"showSkybox":true,"showFlares":true,"showImageEffects":true,"showParticleSystems":true},"in2DMode":false,"pivot":{"x":-2.380537986755371,"y":-4.6386613845825199,"z":10.502824783325196},"rotation":{"x":-0.18517836928367616,"y":0.125497967004776,"z":-0.023883823305368425,"w":-0.9743916988372803},"size":22.0,"orthographic":false}